InterestDue,InterestPaid,Interest Shortfall,Principal Paid,Balance,InterestDue,InterestPaid,Interest Shortfall,Principal Paid,Balance, ,Cash Left
25000.0,25000.0,0.0,309343.91018438764,14690656.089815613,44514.58105916664,44514.58105916664,0.0,0,13354374.317749992, ,322739.27646535815
24484.426816359355,24484.426816359355,0.0,313604.54351501685,14377051.546300596,44514.58105916664,44514.58105916664,0.0,0,13354374.317749992, ,641733.4927837264
23961.75257716766,23961.75257716766,0.0,317924.6231950075,14059126.923105588,44514.58105916664,44514.58105916664,0.0,0,13354374.317749992, ,956930.3036612964
23431.87820517598,23431.87820517598,0.0,321964.6518515797,13737162.271254009,44514.58105916664,44514.58105916664,0.0,0,13354374.317749992, ,1267820.2824502785
22895.270452090015,22895.270452090015,0.0,326022.128585574,13411140.142668435,44514.58105916664,44514.58105916664,0.0,0,13354374.317749992, ,1574463.0426729016
22351.900237780723,22351.900237780723,0.0,330244.0676893868,13080896.074979048,44514.58105916664,44514.58105916664,0.0,0,13354374.317749992, ,1876944.2994978763
21801.493458298413,21801.493458298413,0.0,334329.65882611985,12746566.416152928,44514.58105916664,44514.58105916664,0.0,0,13354374.317749992, ,2174986.189941352
21244.27736025488,21244.27736025488,0.0,338704.5897956907,12407861.826357238,44514.58105916664,44514.58105916664,0.0,0,13354374.317749992, ,2468725.229312771
20679.769710595396,20679.769710595396,0.0,343377.2431532138,12064484.583204024,44514.58105916664,44514.58105916664,0.0,0,13354374.317749992, ,2758356.122976327
20107.47430534004,20107.47430534004,0.0,347846.7882954719,11716637.794908551,44514.58105916664,44514.58105916664,0.0,0,13354374.317749992, ,3043503.749801284
19527.72965818092,19527.72965818092,0.0,352646.5600121881,11363991.234896364,44514.58105916664,44514.58105916664,0.0,0,13354374.317749992, ,3324431.349556683
18939.98539149394,18939.98539149394,0.0,357337.4955599251,11006653.739336438,44514.58105916664,44514.58105916664,0.0,0,13354374.317749992, ,3600811.4383326224
18344.422898894063,18344.422898894063,0.0,362269.5079738667,10644384.231362572,44514.58105916664,44514.58105916664,0.0,0,13354374.317749992, ,3872855.0771872224
17740.640385604285,17740.640385604285,0.0,366992.5132721332,10277391.71809044,44514.58105916664,44514.58105916664,0.0,0,13354374.317749992, ,4140175.204862391
17128.986196817397,17128.986196817397,0.0,371303.6432500878,9906088.074840352,44514.58105916664,44514.58105916664,0.0,0,13354374.317749992, ,4402471.500137685
16510.146791400588,16510.146791400588,0.0,375867.6784212686,9530220.396419084,44514.58105916664,44514.58105916664,0.0,0,13354374.317749992, ,4659727.80698167
15883.700660698472,15883.700660698472,0.0,380111.91245688807,9150108.483962195,44514.58105916664,44514.58105916664,0.0,0,13354374.317749992, ,4911773.7912669005
15250.18080660366,15250.18080660366,0.0,384851.37598790624,8765257.107974289,44514.58105916664,44514.58105916664,0.0,0,13354374.317749992, ,5158695.9921548115
14608.761846623815,14608.761846623815,0.0,390168.23776627146,8375088.8702080175,44514.58105916664,44514.58105916664,0.0,0,13354374.317749992, ,5400942.750224336
13958.481450346697,13958.481450346697,0.0,395559.4979829662,7979529.372225052,44514.58105916664,44514.58105916664,0.0,0,13354374.317749992, ,5638448.528473444
13299.215620375086,13299.215620375086,0.0,401026.210570053,7578503.161654999,44514.58105916664,44514.58105916664,0.0,0,13354374.317749992, ,5871146.859965436
12630.838602758331,12630.838602758331,0.0,405619.9364113785,7172883.22524362,44514.58105916664,44514.58105916664,0.0,0,13354374.317749992, ,6098319.559207891
11954.805375406033,11954.805375406033,0.0,410996.82784014306,6761886.397403477,44514.58105916664,44514.58105916664,0.0,0,13354374.317749992, ,6320393.449331334
11269.810662339129,11269.810662339129,0.0,416450.7483635262,6345435.64903995,44514.58105916664,44514.58105916664,0.0,0,13354374.317749992, ,6537315.559423993
10575.726081733252,10575.726081733252,0.0,421958.3336774358,5923477.315362514,44514.58105916664,44514.58105916664,0.0,0,13354374.317749992, ,6749002.92545187
9872.462192270856,9872.462192270856,0.0,427491.626437734,5495985.68892478,44514.58105916664,44514.58105916664,0.0,0,13354374.317749992, ,6955423.365688904
9159.976148207967,9159.976148207967,0.0,432905.8270027976,5063079.861921983,44514.58105916664,44514.58105916664,0.0,0,13354374.317749992, ,7156383.209746782
8438.466436536639,8438.466436536639,0.0,438586.75765715673,4624493.1042648265,44514.58105916664,44514.58105916664,0.0,0,13354374.317749992, ,7351861.12219276
7707.488507108043,7707.488507108043,0.0,444159.0981179808,4180334.006146846,44514.58105916664,44514.58105916664,0.0,0,13354374.317749992, ,7541711.356861914
6967.223343578076,6967.223343578076,0.0,449961.4415604653,3730372.5645863805,44514.58105916664,44514.58105916664,0.0,0,13354374.317749992, ,7725957.996633836
6217.287607643968,6217.287607643968,0.0,455459.5565299619,3274913.0080564185,44514.58105916664,44514.58105916664,0.0,0,13354374.317749992, ,7904345.663188226
5458.188346760698,5458.188346760698,0.0,460739.738643968,2814173.2694124505,44514.58105916664,44514.58105916664,0.0,0,13354374.317749992, ,8076676.934965117
4690.288782354084,4690.288782354084,0.0,466575.1024078677,2347598.167004583,44514.58105916664,44514.58105916664,0.0,0,13354374.317749992, ,8243195.35760169
3912.663611674305,3912.663611674305,0.0,473034.76946359506,1874563.397540988,44514.58105916664,44514.58105916664,0.0,0,13354374.317749992, ,8404031.738353215
3124.27232923498,3124.27232923498,0.0,478725.45355663414,1395837.943984354,44514.58105916664,44514.58105916664,0.0,0,13354374.317749992, ,8558679.973536111
2326.396573307257,2326.396573307257,0.0,485355.1063244978,910482.8376598561,44514.58105916664,44514.58105916664,0.0,0,13354374.317749992, ,8707496.431707075
1517.4713960997603,1517.4713960997603,0.0,491794.3139471813,418688.5237126748,44514.58105916664,44514.58105916664,0.0,0,13354374.317749992, ,8850256.490725378
697.8142061877912,697.8142061877912,0.0,418688.5237126748,0.0,44514.58105916664,44514.58105916664,0.0,495759.86271987273,12858614.455030119, ,8567470.860234164
0.0,0.0,0.0,0.0,0.0,42862.04818343373,42862.04818343373,0.0,502207.7061278588,12356406.74890226, ,8698739.981000315
0.0,0.0,0.0,0.0,0.0,41188.02249634086,41188.02249634086,0.0,507983.07387090795,11848423.67503135, ,8824345.464782031
0.0,0.0,0.0,0.0,0.0,39494.74558343784,39494.74558343784,0.0,514181.9301164621,11334241.74491489, ,8944247.658518845
0.0,0.0,0.0,0.0,0.0,37780.80581638296,37780.80581638296,0.0,520828.2165665601,10813413.528348329, ,9058618.56713147
0.0,0.0,0.0,0.0,0.0,36044.711761161096,36044.711761161096,0.0,527620.5160965463,10285793.012251783, ,9167382.800898854
0.0,0.0,0.0,0.0,0.0,34285.97670750594,34285.97670750594,0.0,533580.3883794968,9752212.623872286, ,9270289.033487394
0.0,0.0,0.0,0.0,0.0,32507.375412907622,32507.375412907622,0.0,539730.6686810133,9212481.955191273, ,9367314.892940572
0.0,0.0,0.0,0.0,0.0,30708.273183970912,30708.273183970912,0.0,546877.5069163298,8665604.448274944, ,9458526.326611431
0.0,0.0,0.0,0.0,0.0,28885.348160916477,28885.348160916477,0.0,553646.4566730303,8111957.991601914, ,9543795.719741398
0.0,0.0,0.0,0.0,0.0,27039.85997200638,27039.85997200638,0.0,560801.1354442043,7551156.85615771, ,9623157.382910985
0.0,0.0,0.0,0.0,0.0,25170.522853859035,25170.522853859035,0.0,568588.1582362342,6982568.697921475, ,9696601.360406691
0.0,0.0,0.0,0.0,0.0,23275.22899307158,23275.22899307158,0.0,576484.6850415826,6406084.012879893, ,9764044.104957834
0.0,0.0,0.0,0.0,0.0,21353.613376266312,21353.613376266312,0.0,536270.4564604005,5869813.556419493, ,9825400.875612278
0.0,0.0,0.0,0.0,0.0,19566.045188064974,19566.045188064974,0.0,526395.9091957932,5343417.6472237, ,9881022.345228985
0.0,0.0,0.0,0.0,0.0,17811.392157412334,17811.392157412334,0.0,512132.2366201688,4831285.410603531, ,9930964.638261078
0.0,0.0,0.0,0.0,0.0,16104.28470201177,16104.28470201177,0.0,494743.96188331145,4336541.44872022, ,9975488.548174627
0.0,0.0,0.0,0.0,0.0,14455.138162400732,14455.138162400732,0.0,469363.2974225485,3867178.151297671, ,10014740.369482225
0.0,0.0,0.0,0.0,0.0,12890.593837658904,12890.593837658904,0.0,445191.06659981894,3421987.084697852, ,10048999.435324688
0.0,0.0,0.0,0.0,0.0,11406.623615659506,11406.623615659506,0.0,418473.5897446695,3003513.4949531825, ,10078349.95321381
0.0,0.0,0.0,0.0,0.0,10011.71164984394,10011.71164984394,0.0,379529.3655641475,2623984.129389035, ,10103083.168505589
0.0,0.0,0.0,0.0,0.0,8746.613764630116,8746.613764630116,0.0,343584.03952608985,2280400.089862945, ,10123803.662314817
0.0,0.0,0.0,0.0,0.0,7601.333632876484,7601.333632876484,0.0,313802.12134935707,1966597.968513588, ,10140886.49205125
0.0,0.0,0.0,0.0,0.0,6555.3265617119605,6555.3265617119605,0.0,270638.0702610386,1695959.8982525493, ,10154616.47713441
0.0,0.0,0.0,0.0,0.0,5653.199660841831,5653.199660841831,0.0,231018.34495065646,1464941.553301893, ,10165460.856519813
0.0,0.0,0.0,0.0,0.0,4883.13851100631,4883.13851100631,0.0,196153.4886005588,1268788.064701334, ,10173850.698030332
0.0,0.0,0.0,0.0,0.0,4229.293549004447,4229.293549004447,0.0,171687.94120529376,1097100.1234960402, ,10180170.52400729
0.0,0.0,0.0,0.0,0.0,3657.0004116534674,3657.0004116534674,0.0,139052.90727866412,958047.2162173761, ,10184646.32980664
0.0,0.0,0.0,0.0,0.0,3193.490720724587,3193.490720724587,0.0,119928.47288623701,838118.7433311391, ,10187612.340219427
0.0,0.0,0.0,0.0,0.0,2793.729144437131,2793.729144437131,0.0,98472.70403571952,739646.0392954196, ,10189295.746155744
0.0,0.0,0.0,0.0,0.0,2465.486797651399,2465.486797651399,0.0,79731.08405158516,659914.9552438344, ,10189906.392089853
0.0,0.0,0.0,0.0,0.0,2199.716517479448,2199.716517479448,0.0,58279.35137876987,601635.6038650646, ,10189662.21842067
0.0,0.0,0.0,0.0,0.0,2005.4520128835486,2005.4520128835486,0.0,48663.22635150338,552972.3775135612, ,10188781.71170125
0.0,0.0,0.0,0.0,0.0,1843.2412583785372,1843.2412583785372,0.0,31391.18886051328,521581.1886530479, ,10187378.303562092
